x_axis,y_axis
0.00156887,0.508536
-0.0171712,0.523564
-0.0467609,0.523564
-0.0270344,0.512432
-0.00730802,0.501301
0.0222816,0.495735
0.0124184,0.490169
0.042008,0.473471
0.0321448,0.479037