x_axis,y_axis
27.624012356845,85.538626906242
27.624147356845,85.538436906242
27.624147356845,85.538136906242
27.624047356845,85.538336906242
27.623947356845,85.538536906242
27.623897356845,85.538836906242
27.623847356845,85.538736906242
27.623697356845,85.539036906242
27.623747356845,85.538936906242